parCodigo,parSiglas,parDenominacion,parColor
"0002","JUSTICIALISTA            ","JUSTICIALISTA                                                                                       ","96f837"
"0006","INTRANSIGENTE            ","INTRANSIGENTE                                                                                       ","7f35f2"
"0008","FEDERAL                  ","FEDERAL                                                                                             ","071d03"
"0022","HUMANISTA                ","HUMANISTA                                                                                           ","7ecad6"
"0023","UNION POPULAR            ","UNION POPULAR                                                                                       ","C00000"
"0033","NACIONALISTA CONSTITUCION","NACIONALISTA CONSTITUCIONAL -  UNIR                                                                 ","23f681"
"0038","MOVIMIENTO SOCIALISTA DE ","MOVIMIENTO SOCIALISTA DE LOS TRABAJADORES                                                           ","F79646"
"0040","MOVIMIENTO LIBRES DEL SUR","MOVIMIENTO LIBRES DEL SUR                                                                           ","820000"
"0047","COALICION CIVICA - ARI   ","COALICION CIVICA - ARI                                                                              ","c15533"
"0050","SOCIALISTA               ","SOCIALISTA                                                                                          ","66CCFF"
"0061","IZQUIERDA POR UNA OPCION ","IZQUIERDA POR UNA OPCION SOCIALISTA                                                                 ","00B0F0"
"0065","UNION CELESTE Y BLANCO   ","UNION CELESTE Y BLANCO                                                                              ","FF5050"
"0069","GEN                      ","GEN                                                                                                 ","FFFF00"
"0070","DE TRABAJADORES POR EL SO","DE TRABAJADORES POR EL SOCIALISMO                                                                   ","CC3300"
"0071","DEL OBRERO               ","DEL OBRERO                                                                                          ","DDD9C3"
"0072","INSTRUMENTO ELECTORAL POR","INSTRUMENTO ELECTORAL POR LA UNIDAD POPULAR                                                         ","CCC0DA"
"0074","DEL TRABAJO Y DEL PUEBLO ","DEL TRABAJO Y DEL PUEBLO                                                                            ","FFCCFF"
"0076","DE LA CULTURA LA EDUCACIO","DE LA CULTURA LA EDUCACION Y EL TRABAJO                                                             ","07ad0b"
"0079","RENOVADOR FEDERAL        ","RENOVADOR FEDERAL                                                                                   ","4c63ef"
"0082","COMPROMISO FEDERAL       ","COMPROMISO FEDERAL                                                                                  ","a5c893"
"0083","MOVIMIENTO POLITICO, SOCI","MOVIMIENTO POLITICO, SOCIAL Y CULTURAL PROYECTO SUR                                                 ","8a4e3b"
"0110","DEFENSA COMUNAL DE E.DE L","DEFENSA COMUNAL DE E.DE LA CRUZ                                                                     ","719445"
"0151","MOVIMIENTO POPULAR NEUQUI","MOVIMIENTO POPULAR NEUQUINO                                                                         ","6666FF"
"0153","SOCIALISTA AUTENTICO DEL ","SOCIALISTA AUTENTICO DEL CHUBUT                                                                     ","414141"
"0159","MOVIMIENTO NORTE GRANDE  ","MOVIMIENTO NORTE GRANDE                                                                             ","026ea8"
"0165","NUEVO OCTUBRE            ","NUEVO OCTUBRE                                                                                       ","993366"
"0167","FEDERAL FUEGUINO         ","FEDERAL FUEGUINO                                                                                    ","3d04cd"
"0168","MOVIMIENTO DE VIDA Y COMP","MOVIMIENTO DE VIDA Y COMPROMISO                                                                     ","240d2f"
"0170","MOVIMIENTO DE PARTICIPACI","MOVIMIENTO DE PARTICIPACION CIUDADANA                                                               ","e19c02"
"0171","MOVIMIENTO INDEPENDIENTE ","MOVIMIENTO INDEPENDIENTE RENOVADOR                                                                  ","a20e1d"
"0172","NUEVA DIRIGENCIA         ","NUEVA DIRIGENCIA                                                                                    ","aa6d14"
"0174","POPULAR                  ","POPULAR                                                                                             ","fe1abb"
"0175","DEMOCRATA                ","DEMOCRATA                                                                                           ","97b7c3"
"0176","FRENTE RENOVADOR AUTENTIC","FRENTE RENOVADOR AUTENTICO                                                                          ","4928fb"
"0178","ACCION CIUDADANA         ","ACCION CIUDADANA                                                                                    ","54d07d"
"0179","CIUDADANOS A GOBERNAR    ","CIUDADANOS A GOBERNAR                                                                               ","F2DDDC"
"0180","FUERZA REPUBLICANA       ","FUERZA REPUBLICANA                                                                                  ","FDE9D9"
"0181","VERDE                    ","VERDE                                                                                               ","de626c"
"0182","ACCION POR UNA DEMOCRACIA","ACCION POR UNA DEMOCRACIA NUEVA                                                                     ","301946"
"0184","AGRARIO Y SOCIAL         ","AGRARIO Y SOCIAL                                                                                    ","f6ab0b"
"0185","SOCIALISTA AUTENTICO     ","SOCIALISTA AUTENTICO                                                                                ","42a988"
"0186","NUEVA IZQUIERDA          ","NUEVA IZQUIERDA                                                                                     ","D7E4BC"
"0187","AUTODETERMINACION Y LIBER","AUTODETERMINACION Y LIBERTAD                                                                        ","D7E4BC"
"0188","UNITE POR LA LIBERTAD Y L","UNITE POR LA LIBERTAD Y LA DIGNIDAD                                                                 ","00B050"
"0190","DE LOS TRABAJADORES SOCIA","DE LOS TRABAJADORES SOCIALISTAS                                                                     ","E46D0A"
"0194","OBRERO                   ","OBRERO                                                                                              ","663300"
"0201","PRIMERO LA GENTE         ","PRIMERO LA GENTE                                                                                    ","780c9b"
"0202","CIUDAD FUTURA            ","CIUDAD FUTURA                                                                                       ","CCFFCC"
"0203","SALTA SOMOS TODOS        ","SALTA SOMOS TODOS                                                                                   ","CCFF66"
"0207","INICIATIVA POR LA UNION  ","INICIATIVA POR LA UNION                                                                             ","ae812b"
"0210","MOVIMIENTO INTEGRACION LA","MOVIMIENTO INTEGRACION LATINOAMERICANA DE EXPRESION SOCIAL                                          ","cd539e"
"0211","AUTONOMISTA              ","AUTONOMISTA                                                                                         ","4105aa"
"0212","PRINCIPIOS Y CONVICCION  ","PRINCIPIOS Y CONVICCION                                                                             ","CCECFF"
"0215","RENACER POLITICO Y SOCIAL","RENACER POLITICO Y SOCIAL                                                                           ","9b7727"
"0216","MOVIMIENTO AUTENTICO POPU","MOVIMIENTO AUTENTICO POPULAR                                                                        ","924df7"
"0217","ENCUENTRO VECINAL CORDOBA","ENCUENTRO VECINAL CORDOBA                                                                           ","14350a"
"0221","PODEMOS CON LA IZQUIERDA ","PODEMOS CON LA IZQUIERDA                                                                            ","c2ac5a"
"0231","POLITICA ABIERTA PARA LA ","POLITICA ABIERTA PARA LA INTEGRIDAD SOCIAL                                                          ","73e036"
"0259","DEL CAMPO POPULAR        ","DEL CAMPO POPULAR                                                                                   ","7d33b2"
"0262","EL MOVIMIENTO            ","EL MOVIMIENTO                                                                                       ","f3f733"
"0268","MOVIMIENTO AMPLIO DE TRAB","MOVIMIENTO AMPLIO DE TRABAJADORES Y JUBILADOS                                                       ","4D4D4D"
"0298","TODOS POR BUENOS AIRES   ","TODOS POR BUENOS AIRES                                                                              ","538ED5"
"0301","PATRIA GRANDE            ","PATRIA GRANDE                                                                                       ","FF99CC"
"0309","MOVIMIENTO ORGANIZACION D","MOVIMIENTO ORGANIZACION DEMOCRATICA                                                                 ","c9e7b2"
"0318","MOVIMIENTO PARA LA VICTOR","MOVIMIENTO PARA LA VICTORIA                                                                         ","70f50e"
"0319","UNION VECINAL DE GUAMINI ","UNION VECINAL DE GUAMINI                                                                            ","431e0c"
"0327","BANDERA VECINAL          ","BANDERA VECINAL                                                                                     ","002f31"
"0364","ACCION MARPLATENSE       ","ACCION MARPLATENSE                                                                                  ","59909e"
"0382","IVR-INT.VECINALISTA ROSAL","IVR-INT.VECINALISTA ROSALEÑA                                                                        ","4eb6f6"
"0484","NAC-NUEVA ALTERNATIVA CAR","NAC-NUEVA ALTERNATIVA CARMEÑA                                                                       ","33364f"
"0501","FRENTE PARA LA VICTORIA  ","FRENTE PARA LA VICTORIA                                                                             ","538ed5"
"0502","CAMBIEMOS                ","CAMBIEMOS                                                                                           ","ffff00"
"0503","FRENTE DE IZQUIERDA Y DE ","FRENTE DE IZQUIERDA Y DE LOS TRABAJADORES                                                           ","CCCC00"
"0504","FRENTE DE IZQUIERDA Y DE ","FRENTE DE IZQUIERDA Y DE LOS TRABAJADORES - PARTIDO OBRERO + IZQUIERDA POR UNA OPCION SOCIALISTA    ","CCC0DA"
"0505","FRENTE DE LA VICTORIA    ","FRENTE DE LA VICTORIA                                                                               ","c7ff15"
"0510","1 PROYECTO SANTAFESINO   ","1 PROYECTO SANTAFESINO                                                                              ","C00000"
"0511","1PAIS                    ","1PAIS                                                                                               ","745dee"
"0512","1 PAIS - SOMOS SAN JUAN  ","1 PAIS - SOMOS SAN JUAN                                                                             ","1c409e"
"0513","1PAIS FRENTE RENOVADOR NE","1PAIS FRENTE RENOVADOR NEUQUEN +A                                                                   ","ca6828"
"0514","ALTERNATIVA POPULAR RIOJA","ALTERNATIVA POPULAR RIOJANA                                                                         ","ffff00"
"0515","AVANCEMOS HACIA 1PAIS MEJ","AVANCEMOS HACIA 1PAIS MEJOR                                                                         ","268c8a"
"0516","AVANZAR Y CAMBIEMOS POR S","AVANZAR Y CAMBIEMOS POR SAN LUIS                                                                    ","ffff00"
"0517","CAMBIEMOS - FUERZA CIVICA","CAMBIEMOS - FUERZA CIVICA RIOJANA                                                                   ","ffff00"
"0518","CAMBIEMOS BUENOS AIRES   ","CAMBIEMOS BUENOS AIRES                                                                              ","ffff00"
"0519","CAMBIEMOS CHUBUT         ","CAMBIEMOS CHUBUT                                                                                    ","ffff00"
"0520","CAMBIEMOS PAIS           ","CAMBIEMOS PAIS                                                                                      ","ffff00"
"0521","CAMBIEMOS PARA EL BICENTE","CAMBIEMOS PARA EL BICENTENARIO                                                                      ","ffff00"
"0522","CAMBIEMOS POR SAN JUAN   ","CAMBIEMOS POR SAN JUAN                                                                              ","ffff00"
"0523","CAMBIEMOS RIO NEGRO      ","CAMBIEMOS RIO NEGRO                                                                                 ","ffff00"
"0524","CAMBIEMOS TIERRA DEL FUEG","CAMBIEMOS TIERRA DEL FUEGO                                                                          ","ffff00"
"0525","CONVOCATORIA ABIERTA POR ","CONVOCATORIA ABIERTA POR BUENOS AIRES                                                               ","FF9933"
"0526","CREO                     ","CREO                                                                                                ","07ad0b"
"0527","ENCUENTRO POPULAR POR TIE","ENCUENTRO POPULAR POR TIERRA TECHO Y TRABAJO                                                        ","CC3300"
"0528","ENCUENTRO POR CORRIENTES ","ENCUENTRO POR CORRIENTES - ECO + CAMBIEMOS                                                          ","ffff00"
"0529","ENCUENTRO POR MENDOZA    ","ENCUENTRO POR MENDOZA                                                                               ","CCC0DA"
"0530","ESPACIO GRANDE           ","ESPACIO GRANDE                                                                                      ","ffff00"
"0531","EVOLUCION                ","EVOLUCION                                                                                           ","07ad0b"
"0532","FRENTE AMPLIO FORMOSEÑO C","FRENTE AMPLIO FORMOSEÑO CAMBIEMOS                                                                   ","ffff00"
"0533","FRENTE AMPLIO TUCUMANO   ","FRENTE AMPLIO TUCUMANO                                                                              ","ac67f1"
"0534","FRENTE AVANCEMOS         ","FRENTE AVANCEMOS                                                                                    ","2acb16"
"0535","FRENTE CAMBIEMOS         ","FRENTE CAMBIEMOS                                                                                    ","ffff00"
"0536","FRENTE CAMBIEMOS LA PAMPA","FRENTE CAMBIEMOS LA PAMPA                                                                           ","ffff00"
"0537","FRENTE CHACO MERECE MAS  ","FRENTE CHACO MERECE MAS                                                                             ","f772df"
"0538","FRENTE CHUBUT PARA TODOS ","FRENTE CHUBUT PARA TODOS                                                                            ","392da7"
"0539","FRENTE CIUDADANO PARA LA ","FRENTE CIUDADANO PARA LA VICTORIA                                                                   ","c89821"
"0540","FRENTE CIUDADANO Y SOCIAL","FRENTE CIUDADANO Y SOCIAL                                                                           ","1d602e"
"0541","FRENTE CIVICO POR SANTIAG","FRENTE CIVICO POR SANTIAGO                                                                          ","d37c5f"
"0542","FRENTE CIVICO Y SOCIAL - ","FRENTE CIVICO Y SOCIAL - CAMBIEMOS                                                                  ","ffff00"
"0543","FRENTE CORDOBA CIUDADANA ","FRENTE CORDOBA CIUDADANA                                                                            ","c49b93"
"0544","FRENTE DE UNIDAD CIUDADAN","FRENTE DE UNIDAD CIUDADANA                                                                          ","1597d1"
"0545","FRENTE JUJEÑO CAMBIEMOS  ","FRENTE JUJEÑO CAMBIEMOS                                                                             ","ffff00"
"0546","FRENTE JUSTICIALISTA     ","FRENTE JUSTICIALISTA                                                                                ","9d7fa5"
"0547","FRENTE JUSTICIALISTA PARA","FRENTE JUSTICIALISTA PARA LA VICTORIA                                                               ","dcfb45"
"0548","FRENTE JUSTICIALISTA POR ","FRENTE JUSTICIALISTA POR TUCUMAN                                                                    ","ad1624"
"0549","FRENTE JUSTICIALISTA RIOJ","FRENTE JUSTICIALISTA RIOJANO                                                                        ","31f65d"
"0550","FRENTE JUSTICIALISTA SOMO","FRENTE JUSTICIALISTA SOMOS ENTRE RIOS                                                               ","0844d0"
"0551","FRENTE NEUQUINO          ","FRENTE NEUQUINO                                                                                     ","3b4674"
"0552","FRENTE PATRIOTA BANDERA V","FRENTE PATRIOTA BANDERA VECINAL                                                                     ","2cbf10"
"0553","FRENTE POPULAR PARA LA LI","FRENTE POPULAR PARA LA LIBERACION                                                                   ","fc507a"
"0554","FRENTE PROGRESISTA CIVICO","FRENTE PROGRESISTA CIVICO Y SOCIAL                                                                  ","80331c"
"0555","FRENTE PROGRESISTA PAMPEA","FRENTE PROGRESISTA PAMPEANO                                                                         ","bf2086"
"0556","FRENTE PROGRESISTA POPULA","FRENTE PROGRESISTA POPULAR                                                                          ","5426b3"
"0557","FRENTE RENOVADOR - 1PAIS ","FRENTE RENOVADOR - 1PAIS                                                                            ","b3f2e8"
"0558","FRENTE RENOVADOR 1PAIS   ","FRENTE RENOVADOR 1PAIS                                                                              ","469e3c"
"0559","FRENTE RENOVADOR DE LA CO","FRENTE RENOVADOR DE LA CONCORDIA                                                                    ","46054a"
"0560","FRENTE SOCIAL Y POPULAR  ","FRENTE SOCIAL Y POPULAR                                                                             ","93e49d"
"0561","FRENTE SOCIALISTA Y POPUL","FRENTE SOCIALISTA Y POPULAR                                                                         ","bfdbcf"
"0562","FRENTE SOMOS MENDOZA     ","FRENTE SOMOS MENDOZA                                                                                ","e66a31"
"0563","FRENTE TIERRA DE UNION   ","FRENTE TIERRA DE UNION                                                                              ","e53311"
"0564","FRENTE TODOS             ","FRENTE TODOS                                                                                        ","2c15c5"
"0565","FRENTE UNIDAD JUSTICIALIS","FRENTE UNIDAD JUSTICIALISTA SAN LUIS                                                                ","d439bc"
"0566","FRENTE UNIDAD Y RENOVACIO","FRENTE UNIDAD Y RENOVACION                                                                          ","ccca7b"
"0567","IZQUIERDA AL FRENTE POR E","IZQUIERDA AL FRENTE POR EL SOCIALISMO                                                               ","ef368b"
"0568","JUNTOS PODEMOS MAS       ","JUNTOS PODEMOS MAS                                                                                  ","6891fc"
"0569","JUNTOS SOMOS RIO NEGRO   ","JUNTOS SOMOS RIO NEGRO                                                                              ","6ae56e"
"0570","SOMOS                    ","SOMOS                                                                                               ","a50a55"
"0571","SOMOS CORRIENTES         ","SOMOS CORRIENTES                                                                                    ","dd2111"
"0572","UN NUEVO PAIS (1P)       ","UN NUEVO PAIS (1P)                                                                                  ","edab70"
"0573","UNA RIOJA                ","UNA RIOJA                                                                                           ","691c26"
"0574","UNIDAD CIUDADANA         ","UNIDAD CIUDADANA                                                                                    ","1597d1"
"0575","UNIDAD CIUDADANA PARA LA ","UNIDAD CIUDADANA PARA LA VICTORIA                                                                   ","1597d1"
"0576","UNIDAD PORTEÑA           ","UNIDAD PORTEÑA                                                                                      ","1597d1"
"0577","UNION PARA VIVIR MEJOR - ","UNION PARA VIVIR MEJOR - CAMBIEMOS                                                                  ","ffff00"
"0578","UNION POR CORDOBA        ","UNION POR CORDOBA                                                                                   ","2cc003"
"0579","UNIR TDF                 ","UNIR TDF                                                                                            ","36aa48"
"0580","VAMOS JUNTOS             ","VAMOS JUNTOS                                                                                        ","ffff00"
"0612","NUEVO ZARATE             ","NUEVO ZARATE                                                                                        ","f30d44"
"0661","NUEVO SOCIALISMO MARPLATE","NUEVO SOCIALISMO MARPLATENSE                                                                        ","8b8d24"
"0673","CONSTRUC.SOCIAL PARTICIPA","CONSTRUC.SOCIAL PARTICIPATIVA                                                                       ","990000"
"0697","ACCION POR VILLARINO     ","ACCION POR VILLARINO                                                                                ","414141"
"0705","CON VOCACION POR SAN ISID","CON VOCACION POR SAN ISIDRO                                                                         ","ff0000"
"0737","PROPIN-PROPUESTA PINAMAR ","PROPIN-PROPUESTA PINAMAR                                                                            ","9933FF"
"0738","MIC-MERCEDES INDEPENDIENT","MIC-MERCEDES INDEPENDIENTE COMUNAL                                                                  ","dd2fb7"
"0750","TODOS VECINOS            ","TODOS VECINOS                                                                                       ","F2DDDC"
"0751","CAS-CONCORDANCIA APERTURI","CAS-CONCORDANCIA APERTURISTA SALTENSE                                                               ","9b763a"
"0758","UNOS-UNA NUEVA OPORTUNIDA","UNOS-UNA NUEVA OPORTUNIDAD SUARENSE                                                                 ","D7E4BC"
"0760","VIVILO-VECINOS INDEPENDIE","VIVILO-VECINOS INDEPENDIENTES                                                                       ","e38854"
"0782","UNIDAD PACEÑA            ","UNIDAD PACEÑA                                                                                       ","663300"
"0792","UNION VECINAL SALLIQUELO ","UNION VECINAL SALLIQUELO                                                                            ","CCFF66"
"0793","VECINOS SOLIDARIOS       ","VECINOS SOLIDARIOS                                                                                  ","4e8e32"
"0797","ENTRE TODOS              ","ENTRE TODOS                                                                                         ","03ac03"
"0806","SUR EN MARCHA            ","SUR EN MARCHA                                                                                       ","af204f"
"0807","GEM CATAMARCA            ","GEM CATAMARCA                                                                                       ","fa2bed"
"0809","CORRIENTE DE PENSAMIENTO ","CORRIENTE DE PENSAMIENTO BONAERENSE (CO.PE.BO)                                                      ","6e5aee"
"0810","FRENTE UNION FEDERAL     ","FRENTE UNION FEDERAL                                                                                ","8cc041"
"0811","VAMOS                    ","VAMOS                                                                                               ","8d3e9f"
"0812","VAMOS CREANDO CIUDAD NUEV","VAMOS CREANDO CIUDAD NUEVA                                                                          ","850f70"
"0813","PARTIDO SOCIALISTA       ","PARTIDO SOCIALISTA                                                                                  ","b699f2"
"0814","PARTIDO RENOVADOR FEDERAL","PARTIDO RENOVADOR FEDERAL                                                                           ","e038fb"
"0815","MAC-MISION, ACC. Y COMPRO","MAC-MISION, ACC. Y COMPROMISO                                                                       ","b84c25"
"0816","VECINOS SOLIDARIOS DE ALT","VECINOS SOLIDARIOS DE ALTE. BROWN                                                                   ","2fb1a0"
"0817","UVEP-U. VECINALISTA PLATE","UVEP-U. VECINALISTA PLATENSE                                                                        ","bce94e"
"0819","CONS.JUARENSE PARA LA PAR","CONS.JUARENSE PARA LA PART.CIUDADANA                                                                ","c87913"
"0820","PROYECTO ESCOBAR         ","PROYECTO ESCOBAR                                                                                    ","7f7eaa"
"0821","AG.VECINALISTA PROYECTO L","AG.VECINALISTA PROYECTO LOCAL MERLENSE                                                              ","538ED5"
"0822","COMPROMISO VECINAL LA COS","COMPROMISO VECINAL LA COSTA                                                                         ","638fa8"
"0823","UNION VECINAL MAS CAMPANA","UNION VECINAL MAS CAMPANA                                                                           ","c9de35"
"0824","MOVES                    ","MOVES LUJAN                                                                                         ","b01487"
"0827","JUNIN BICENTENARIO       ","JUNIN BICENTENARIO                                                                                  ","7ec4b2"
"0828","P.O.T.-POR OLAVARRIA TODO","P.O.T.-POR OLAVARRIA TODOS                                                                          ","62db64"
"0829","AGRUP.25 DE MAYO ""MERCEDE","AGRUP.25 DE MAYO ""MERCEDES""                                                                         ","1c9db8"
"0836","VALORES PARA MI PAIS NECO","VALORES PARA MI PAIS NECOCHEA                                                                       ","02d2c2"
"0839","ACCION POR PILAR         ","ACCION POR PILAR                                                                                    ","afdd84"
"0840","VALORES PARA MI PAIS     ","VALORES PARA MI PAIS                                                                                ","eb823d"
"0842","VECINALISMO EN ACCION    ","VECINALISMO EN ACCION                                                                               ","3d2092"
"0843","NUEVO PERGAMINO          ","NUEVO PERGAMINO                                                                                     ","417a7a"
"0844","BIEN COMUN POR ROSALES   ","BIEN COMUN POR ROSALES                                                                              ","afbd3f"
"0845","UNION VEC.DE A.GONZALES C","UNION VEC.DE A.GONZALES CHAVES                                                                      ","46068f"
"0847","POR UN NUEVO JUNIN       ","POR UN NUEVO JUNIN                                                                                  ","c17406"
"0848","MOV.VEC.DEL PARTIDO DE TR","MOV.VEC.DEL PARTIDO DE TRES ARROYOS                                                                 ","220925"
"0849","UNION DEL PUEBLO MORENO  ","UNION DEL PUEBLO MORENO                                                                             ","4faf00"
"0850","SUMEMOS PILAR            ","SUMEMOS PILAR                                                                                       ","d1ed9d"
"0851","SIEMPRE ITUZAINGO        ","SIEMPRE ITUZAINGO                                                                                   ","6289cc"
"0852","INTEGRACION BALCARCEÑA   ","INTEGRACION BALCARCEÑA                                                                              ","e837f2"
"0853","JUNTOS POR CHACOMUS      ","JUNTOS POR CHACOMUS                                                                                 ","45e70f"
"0854","ACUERDO BELGRANENSE      ","ACUERDO BELGRANENSE                                                                                 ","d7c423"
"0855","MAR DEL PLATA PUERTO Y RE","MAR DEL PLATA PUERTO Y REGION                                                                       ","7d690c"
"0856","FUERZA VECINAL PARA EL CA","FUERZA VECINAL PARA EL CAMBIO SOCIAL                                                                ","fc7064"
"0857","CAMBIA MENDOZA           ","CAMBIA MENDOZA                                                                                      ","d5772d"
"3001","AGRUPACION 4 DE JUNIO    ","AGRUPACION 4 DE JUNIO                                                                               ","a6fb67"
"3002","CIUDADANOS EN ACCION     ","CIUDADANOS EN ACCION                                                                                ","25d26b"
"3003","FRENTE PERONISTA BARRIAL ","FRENTE PERONISTA BARRIAL                                                                            ","a99268"
"3004","PERONISTAS DE LA PAMPA   ","PERONISTAS DE LA PAMPA                                                                              ","91d6e3"
"3005","PERONISTAS SI, PERSEGUIDO","PERONISTAS SI, PERSEGUIDOS NO (PSPN)                                                                ","cc20e3"
"3006","PROTECTORA               ","PROTECTORA                                                                                          ","bfa925"
"3007","ALTERNATIVA              ","ALTERNATIVA                                                                                         ","d42e0d"
"3009","CELESTE Y BLANCA         ","CELESTE Y BLANCA                                                                                    ","11559d"
"3011","DIGNIDAD CIUDADANA       ","DIGNIDAD CIUDADANA                                                                                  ","f671e8"
"3012","FEDERALISMO PURO         ","FEDERALISMO PURO                                                                                    ","7a3282"
"3013","RECREO SOCIAL            ","RECREO SOCIAL                                                                                       ","acb342"
"3014","ROJO PUNZO               ","ROJO PUNZO                                                                                          ","7012c0"
"3016","COHERENCIA               ","COHERENCIA                                                                                          ","66ee96"
"3017","NARANJA                  ","NARANJA                                                                                             ","181160"
"3018","NARANJA                  ","NARANJA                                                                                             ","fc82c6"
"3019","BLANCA                   ","BLANCA                                                                                              ","73561e"
"3020","UNIDAD                   ","UNIDAD                                                                                              ","511e6a"
"3022","FEDERALISMO Y CIUDADANIA ","FEDERALISMO Y CIUDADANIA                                                                            ","41552a"
"3023","UNIR MI JUJUY            ","UNIR MI JUJUY                                                                                       ","349a09"
"3024","UNION PARA RENOVAR SANTA ","UNION PARA RENOVAR SANTA FE                                                                         ","083456"
"3025","IZQUIERDA AL FRENTE      ","IZQUIERDA AL FRENTE                                                                                 ","95caa2"
"3026","MST - NUEVA IZQUIERDA    ","MST - NUEVA IZQUIERDA                                                                               ","700205"
"3027","UNIDAD                   ","UNIDAD                                                                                              ","371d0a"
"3028","VAMOS POR UNA IZQUIERDA A","VAMOS POR UNA IZQUIERDA AL FRENTE                                                                   ","c96c15"
"3029","LIBRES                   ","LIBRES                                                                                              ","11ced7"
"3030","AGUA, TIERRA, ENERGIAS LI","AGUA, TIERRA, ENERGIAS LIMPIAS - NO A LA PLANTA NUCLEAR                                             ","f2e304"
"3031","ALFREDO BRAVO            ","ALFREDO BRAVO                                                                                       ","06a1e5"
"3032","ENCUENTRO SOCIAL         ","ENCUENTRO SOCIAL                                                                                    ","e6f810"
"3033","LISTA UNICA              ","LISTA UNICA                                                                                         ","1d33b9"
"3034","HACIA EL FRENTE DE IZQUIE","HACIA EL FRENTE DE IZQUIERDA Y DE LOS TRABAJADORES                                                  ","ca8b31"
"3035","UNIDOS POR SANTA FE      ","UNIDOS POR SANTA FE                                                                                 ","a5f246"
"3036","UN SAN LUIS              ","UN SAN LUIS                                                                                         ","2b4808"
"3037","MARGARITA                ","MARGARITA                                                                                           ","1a3bd0"
"3038","FRENTE DE IZQUIERDA      ","FRENTE DE IZQUIERDA                                                                                 ","853f28"
"3039","FRENTE DE IZQUIERDA      ","FRENTE DE IZQUIERDA                                                                                 ","9acffd"
"3040","FRENTE DE IZQUIERDA Y DE ","FRENTE DE IZQUIERDA Y DE LOS TRABAJADORES                                                           ","fb5b71"
"3041","1 ROJA                   ","1 ROJA                                                                                              ","ba9450"
"3042","FRENTE POPULAR           ","FRENTE POPULAR                                                                                      ","38493e"
"3043","FRENTE SOLIDARIO Y POPULA","FRENTE SOLIDARIO Y POPULAR DE LOS TRABAJADORES                                                      ","ab0e96"
"3044","AHORA EL PUEBLO          ","AHORA EL PUEBLO                                                                                     ","965fa8"
"3045","FRENTE POPULAR           ","FRENTE POPULAR                                                                                      ","751c02"
"3046","PENSANDO COMO VOS        ","PENSANDO COMO VOS                                                                                   ","437a38"
"3047","UNIDAD FEDERAL           ","UNIDAD FEDERAL                                                                                      ","439408"
"3048","AMARILLO Y NEGRO         ","AMARILLO Y NEGRO                                                                                    ","0bb3a7"
"3049","CELESTE Y UNIDAD         ","CELESTE Y UNIDAD                                                                                    ","c2f230"
"3050","COMPROMISO CON EL PUEBLO ","COMPROMISO CON EL PUEBLO                                                                            ","a1d894"
"3051","UNIDAD FEDERAL           ","UNIDAD FEDERAL                                                                                      ","99126f"
"3052","CELESTE                  ","CELESTE                                                                                             ","98735e"
"3053","VERDE                    ","VERDE                                                                                               ","1ebfb6"
"3054","MEJOR ES HACER           ","MEJOR ES HACER                                                                                      ","28c068"
"3055","UNIDAD                   ","UNIDAD                                                                                              ","fa8cdc"
"3056","LINEA VERDE MANZANA      ","LINEA VERDE MANZANA                                                                                 ","5fec94"
"3057","PASION POR NEUQUEN       ","PASION POR NEUQUEN                                                                                  ","6d6c08"
"3058","1RO DE MAYO              ","1RO DE MAYO                                                                                         ","3cf5bd"
"3059","AZUL                     ","AZUL                                                                                                ","fdf92e"
"3060","PODEMOS                  ","PODEMOS                                                                                             ","bc9f53"
"3061","ORGULLO FUEGUINO         ","ORGULLO FUEGUINO                                                                                    ","6bb062"
"3062","CELESTE                  ","CELESTE                                                                                             ","336b95"
"3063","COMPROMISO CIUDADANO, TRA","COMPROMISO CIUDADANO, TRABAJO Y HONESTIDAD                                                          ","279102"
"3064","DESARROLLO AGRO INDUSTRIA","DESARROLLO AGRO INDUSTRIAL                                                                          ","b9abeb"
"3065","SANTA FE SEGURA          ","SANTA FE SEGURA                                                                                     ","f83af7"
"3066","ESPACIO Y DESARROLLO     ","ESPACIO Y DESARROLLO                                                                                ","c9c16b"
"3067","ACCION POPULAR           ","ACCION POPULAR                                                                                      ","6ca3a9"
"3068","CRUZADA SANTIAGUEÑA      ","CRUZADA SANTIAGUEÑA                                                                                 ","9ed082"
"3069","LA PATRIA SOMOS TODOS    ","LA PATRIA SOMOS TODOS                                                                               ","965439"
"3070","MOVIMIENTO DE RENOVACION ","MOVIMIENTO DE RENOVACION SANTAFESINA                                                                ","e0b950"
"3071","MUJERES UNIDAS           ","MUJERES UNIDAS                                                                                      ","7afb3f"
"3072","PROTAGONISTAS            ","PROTAGONISTAS                                                                                       ","db5836"
"3073","RED CIUDADANA SANTAFESINA","RED CIUDADANA SANTAFESINA                                                                           ","513827"
"3074","UNA SANTA FE RENOVADA    ","UNA SANTA FE RENOVADA                                                                               ","e92893"
"3075","CELESTE Y BLANCA         ","CELESTE Y BLANCA                                                                                    ","11559d"
"3076","1 PROVINCIA              ","1 PROVINCIA                                                                                         ","fe26bd"
"3077","PROPUESTA AUTONOMISTA    ","PROPUESTA AUTONOMISTA                                                                               ","069dcb"
"3078","AZUL Y BLANCA            ","AZUL Y BLANCA                                                                                       ","3c95b8"
"3079","CELESTE Y BLANCA         ","CELESTE Y BLANCA                                                                                    ","11559d"
"3080","LISTA UNIDAD             ","LISTA UNIDAD                                                                                        ","4224f6"
"3081","SANJUANINO               ","SANJUANINO                                                                                          ","343b2d"
"3082","JUNTOS                   ","JUNTOS                                                                                              ","1f03eb"
"3083","VERDE K                  ","VERDE K                                                                                             ","2ae64f"
"3084","HONESTIDAD Y PARTICIPACIO","HONESTIDAD Y PARTICIPACION                                                                          ","1d7078"
"3085","IZQUIERDA AL FRENTE      ","IZQUIERDA AL FRENTE                                                                                 ","03dde1"
"3086","UNIDAD DE LA IZQUIERDA   ","UNIDAD DE LA IZQUIERDA                                                                              ","aa84fa"
"3087","QUE LOS PUEBLOS MANDEN   ","QUE LOS PUEBLOS MANDEN                                                                              ","d68f39"
"3088","CIUDADANOS RESPONSABLES  ","CIUDADANOS RESPONSABLES                                                                             ","5d65b2"
"3089","COMPRENSION              ","COMPRENSION                                                                                         ","6da9c3"
"3090","ESPERANZA SANTAFESINA    ","ESPERANZA SANTAFESINA                                                                               ","de3c76"
"3091","FRENTE DE UNIDAD NACIENTE","FRENTE DE UNIDAD NACIENTE                                                                           ","a6ff4d"
"3092","FUERZA PARA EL CAMBIO    ","FUERZA PARA EL CAMBIO                                                                               ","45e6b9"
"3093","JUNTOS PARA GANAR        ","JUNTOS PARA GANAR                                                                                   ","a341b0"
"3094","NUEVA DEMOCRACIA         ","NUEVA DEMOCRACIA                                                                                    ","7c8be5"
"3095","SALUD COMUNITARIA        ","SALUD COMUNITARIA                                                                                   ","6f3a84"
"3096","UN NUEVO TIEMPO          ","UN NUEVO TIEMPO                                                                                     ","c8109b"
"3097","ROJA                     ","ROJA                                                                                                ","46a1e9"
"3098","1 ROJA                   ","1 ROJA                                                                                              ","abbd54"
"3099","ROJA 1                   ","ROJA 1                                                                                              ","ff85b6"
"3100","ROJA EN EL FRENTE DE IZQU","ROJA EN EL FRENTE DE IZQUIERDA                                                                      ","a6b564"
"3101","CORDOBA CAMBIA           ","CORDOBA CAMBIA                                                                                      ","548284"
"3102","EL PODER DE LAS MUJERES  ","EL PODER DE LAS MUJERES                                                                             ","a1456e"
"3103","JUNTOS SALTA SOMOS TODOS ","JUNTOS SALTA SOMOS TODOS                                                                            ","28245b"
"3104","ALTERNATIVA PUEBLO FUEGUI","ALTERNATIVA PUEBLO FUEGUINO                                                                         ","afdebc"
"3105","POR LA UNIDAD CIUDADANA J","POR LA UNIDAD CIUDADANA JUJUY                                                                       ","04dd08"
"3106","DORADA                   ","DORADA                                                                                              ","a00717"
"3107","JUBILADOS                ","JUBILADOS                                                                                           ","d75a60"
"3108","SANTA FE CAMINA          ","SANTA FE CAMINA                                                                                     ","cddb08"
"3109","TODOS JUNTOS             ","TODOS JUNTOS                                                                                        ","7ce6fa"
"3110","ESPERANZA                ","ESPERANZA                                                                                           ","723a9e"
"3111","ABBA                     ","ABBA                                                                                                ","51240e"
"3112","TRABAJO Y DIGNIDAD       ","TRABAJO Y DIGNIDAD                                                                                  ","c09727"
"3113","VALORES EN ACCION        ","VALORES EN ACCION                                                                                   ","861398"
"3114","UNIDAD                   ","UNIDAD                                                                                              ","39da7d"
"3115","JUNTOS POR PAIS          ","JUNTOS POR PAIS                                                                                     ","1b55f8"
"3116","NUEVO PAIS               ","NUEVO PAIS                                                                                          ","e646bd"
"3117","POR UN NUEVO PAIS        ","POR UN NUEVO PAIS                                                                                   ","9dee89"
"3118","POR UN PAIS MEJOR        ","POR UN PAIS MEJOR                                                                                   ","2cb7ac"
"3119","CON TOTAL SEGURIDAD      ","CON TOTAL SEGURIDAD                                                                                 ","1d1707"
"3120","CREO EN SANTA FE         ","CREO EN SANTA FE                                                                                    ","989d05"
"3121","FRENTE DE LOS JUBILADOS  ","FRENTE DE LOS JUBILADOS                                                                             ","9ae1b2"
"3122","INDEPENDENCIA            ","INDEPENDENCIA                                                                                       ","93977e"
"3123","JUNTOS ES POSIBLE        ","JUNTOS ES POSIBLE                                                                                   ","9ce68b"
"3124","LIBERTAD                 ","LIBERTAD                                                                                            ","4a183f"
"3125","MAS RENOVADOR            ","MAS RENOVADOR                                                                                       ","d2380f"
"3126","POR LA DECADA GANADA     ","POR LA DECADA GANADA                                                                                ","2dfd14"
"3127","PROYECTO JOVEN           ","PROYECTO JOVEN                                                                                      ","3ca05f"
"3128","SEGURIDAD                ","SEGURIDAD                                                                                           ","bd21a3"
"3129","NUEVA DEMOCRACIA         ","NUEVA DEMOCRACIA                                                                                    ","23efa1"
"3130","ORDEN Y JUSTICIA         ","ORDEN Y JUSTICIA                                                                                    ","ee805c"
"3131","RENOVACION REPUBLICANA   ","RENOVACION REPUBLICANA                                                                              ","cf311d"
"3132","SEGURIDAD Y TRANSPARENCIA","SEGURIDAD Y TRANSPARENCIA                                                                           ","6503f3"
"3133","SER                      ","SER                                                                                                 ","912c65"
"3134","UNIDAD 1                 ","UNIDAD 1                                                                                            ","ddd4a3"
"3135","TOBA                     ","TOBA                                                                                                ","e7ec68"
"3136","VAMOS                    ","VAMOS                                                                                               ","3efa87"
"3137","COMPROMISO CIUDADANO     ","COMPROMISO CIUDADANO                                                                                ","0a5e6d"
"3138","LEALTAD                  ","LEALTAD                                                                                             ","d4e0b4"
"3139","BLANCA Y CELESTE         ","BLANCA Y CELESTE                                                                                    ","4fb738"
"3140","FEDERACION PERONISTA     ","FEDERACION PERONISTA                                                                                ","37db00"
"3141","MOVIMIENTO JUSTICIA SOCIA","MOVIMIENTO JUSTICIA SOCIAL                                                                          ","f26cea"
"3142","PRIMERO CHUBUT           ","PRIMERO CHUBUT                                                                                      ","a88a8a"
"3143","SOMOS SANTA CRUZ         ","SOMOS SANTA CRUZ                                                                                    ","207845"
"3144","UNIDAD CELESTE Y BLANCA  ","UNIDAD CELESTE Y BLANCA                                                                             ","11559d"
"3145","UNIDAD CIUDADANA ES NUEST","UNIDAD CIUDADANA ES NUESTRO                                                                         ","811b7a"
"3146","UNIDAD PERONISTA POR LA P","UNIDAD PERONISTA POR LA PRODUCCION Y EL TRABAJO                                                     ","6c786f"
"3147","UNIDOS POR SANTA CRUZ    ","UNIDOS POR SANTA CRUZ                                                                               ","54188e"
"3148","AYUDANOS A CAMBIAR       ","AYUDANOS A CAMBIAR                                                                                  ","238078"
"3149","CAMBIANDO JUNTOS         ","CAMBIANDO JUNTOS                                                                                    ","0e375a"
"3150","PARA LA DEMOCRACIA SOCIAL","PARA LA DEMOCRACIA SOCIAL                                                                           ","ea0616"
"3151","DIGNIDAD PARTIDARIA      ","DIGNIDAD PARTIDARIA                                                                                 ","a94a6a"
"3152","ENCUENTRO CIVICO         ","ENCUENTRO CIVICO                                                                                    ","33dd70"
"3153","EQUIPO DE GOBIERNO       ","EQUIPO DE GOBIERNO                                                                                  ","d1b49e"
"3154","POR VOS                  ","POR VOS                                                                                             ","97a5e2"
"3155","RENOVACION               ","RENOVACION                                                                                          ","0f8b6a"
"3156","VAMOS JUNTOS             ","VAMOS JUNTOS                                                                                        ","d1c81b"
"3157","1 A                      ","1 A                                                                                                 ","374bd3"
"3158","1 ROJA                   ","1 ROJA                                                                                              ","36660a"
"3159","A ROJA                   ","A ROJA                                                                                              ","e5e067"
"3160","ROJA                     ","ROJA                                                                                                ","c8a153"
"3161","LISTA 1                  ","LISTA 1                                                                                             ","c6f47b"
"3162","1 ROJA                   ","1 ROJA                                                                                              ","a8a570"
"3163","CELESTE, BLANCA Y AZUL   ","CELESTE, BLANCA Y AZUL                                                                              ","2d7353"
"3164","RENOVANDO SANTA FE       ","RENOVANDO SANTA FE                                                                                  ","c52e98"
"3165","UN PAIS UNIDO HOY Y SIEMP","UN PAIS UNIDO HOY Y SIEMPRE                                                                         ","d2d82a"
"3166","1 PROVINCIA              ","1 PROVINCIA                                                                                         ","f9171b"
"3167","UNA CIUDAD UNA PROVINCIA ","UNA CIUDAD UNA PROVINCIA UN PAIS                                                                    ","3cde39"
"3168","CIUDADANOS POR LA VICTORI","CIUDADANOS POR LA VICTORIA                                                                          ","fe08d2"
"3169","1PAIS                    ","1PAIS                                                                                               ","906e0e"
"3170","MOVIMIENTO RECUPERACION Y","MOVIMIENTO RECUPERACION Y CAMBIO                                                                    ","eb08c3"
"3171","UNIDAD Y CONSENSO POR SAN","UNIDAD Y CONSENSO POR SAN LUIS                                                                      ","5e97ee"
"3172","CAMBIA LA RIOJA          ","CAMBIA LA RIOJA                                                                                     ","9c6f28"
"3173","CAMBIANDO JUNTOS         ","CAMBIANDO JUNTOS                                                                                    ","034120"
"3174","CAMBIANDO JUNTOS         ","CAMBIANDO JUNTOS                                                                                    ","333e6d"
"3175","CAMBIEMOS JUNTOS         ","CAMBIEMOS JUNTOS                                                                                    ","672437"
"3176","EVOLUCION CIUDADANA      ","EVOLUCION CIUDADANA                                                                                 ","67efe0"
"3177","CAMBIANDO JUNTOS         ","CAMBIANDO JUNTOS                                                                                    ","ae22da"
"3178","CAMBIANDO JUNTOS         ","CAMBIANDO JUNTOS                                                                                    ","50f518"
"3179","RENOVACION               ","RENOVACION                                                                                          ","81e98d"
"3180","UNIDAD AMARILLA ROJA Y BL","UNIDAD AMARILLA ROJA Y BLANCA                                                                       ","539958"
"3181","HACIENDO LO QUE HAY QUE H","HACIENDO LO QUE HAY QUE HACER                                                                       ","15cc81"
"3182","LA DIGNIDAD - IP         ","LA DIGNIDAD - IP                                                                                    ","9ede78"
"3183","POPULAR Y SOCIALISTAS    ","POPULAR Y SOCIALISTAS                                                                               ","adce6d"
"3184","CONVICCIONES             ","CONVICCIONES                                                                                        ","efa508"
"3185","MEMORIA, VERDAD Y JUSTICI","MEMORIA, VERDAD Y JUSTICIA                                                                          ","be30fa"
"3186","VERDE                    ","VERDE                                                                                               ","9c27c7"
"3187","AZUL Y BLANCA            ","AZUL Y BLANCA                                                                                       ","a50039"
"3188","CIUDADANOS EN RED        ","CIUDADANOS EN RED                                                                                   ","6ece99"
"3189","CON FE ES POSIBLE        ","CON FE ES POSIBLE                                                                                   ","720137"
"3190","SANTA FE PUEDE           ","SANTA FE PUEDE                                                                                      ","9ddd9c"
"3191","EL PUEBLO VUELVE         ","EL PUEBLO VUELVE                                                                                    ","3585a9"
"3192","FORZA SANTA FE           ","FORZA SANTA FE                                                                                      ","e2c905"
"3193","FRENTE IGUALDAD ANIMAL   ","FRENTE IGUALDAD ANIMAL                                                                              ","52252e"
"3194","LA HORA DEL PUEBLO       ","LA HORA DEL PUEBLO                                                                                  ","113edd"
"3195","NI UNA -                 ","NI UNA -                                                                                            ","627ec7"
"3196","NUEVA PROVINCIA          ","NUEVA PROVINCIA                                                                                     ","8f83d1"
"3197","POR LOS POBRES           ","POR LOS POBRES                                                                                      ","612b5e"
"3198","UNIDOS POR LA LIBERTAD   ","UNIDOS POR LA LIBERTAD                                                                              ","37d0b4"
"3199","VAMOS POR MAS            ","VAMOS POR MAS                                                                                       ","003488"
"3200","SUMA +                   ","SUMA +                                                                                              ","b9324d"
"3201","VAMOS JUNTOS             ","VAMOS JUNTOS                                                                                        ","fcf0ec"
"3202","UNIDAD                   ","UNIDAD                                                                                              ","ce45a3"
"3203","1PROVINCIA               ","1PROVINCIA                                                                                          ","df59e4"
"3204","CAMBIANDO JUNTOS         ","CAMBIANDO JUNTOS                                                                                    ","1d46eb"
"3205","CAMBIAR LA PAMPA         ","CAMBIAR LA PAMPA                                                                                    ","ff044b"
"3206","JUNTOS POR LA PAMPA      ","JUNTOS POR LA PAMPA                                                                                 ","5f89a0"
"3207","RENOVACION Y CAMBIO      ","RENOVACION Y CAMBIO                                                                                 ","06208e"
"3208","CORRIENTE PROVINCIAL KIRC","CORRIENTE PROVINCIAL KIRCHNERISTA                                                                   ","5ad4a1"
"3209","HONESTIDAD, TRABAJO Y JUS","HONESTIDAD, TRABAJO Y JUSTICIA SOCIAL                                                               ","0a8473"
"3210","LA DOS                   ","LA DOS                                                                                              ","1d8539"
"3211","LA MARIA EVA             ","LA MARIA EVA                                                                                        ","e8032b"
"3212","SOCIALISTAS UNIDOS       ","SOCIALISTAS UNIDOS                                                                                  ","eb0863"
"3213","TRES BANDERAS            ","TRES BANDERAS                                                                                       ","e47ea6"
"3214","POR SIEMPRE CHUBUT       ","POR SIEMPRE CHUBUT                                                                                  ","f969da"
"3215","UNIDAD CIUDADANA PARA  LA","UNIDAD CIUDADANA PARA  LA VICTORIA                                                                  ","07672f"
"3216","INTEGRACION Y PARTICIPACI","INTEGRACION Y PARTICIPACION                                                                         ","eeaca1"
"3217","TODOS POR SANTIAGO       ","TODOS POR SANTIAGO                                                                                  ","920cd3"
"3218","CAMBIEMOS JUNTOS         ","CAMBIEMOS JUNTOS                                                                                    ","5d9918"
"3219","JUNTOS POR EL CAMBIO     ","JUNTOS POR EL CAMBIO                                                                                ","ee782e"
"3220","UNIDAD                   ","UNIDAD                                                                                              ","01e8df"
"3221","CATAMARCA CIUDADANA      ","CATAMARCA CIUDADANA                                                                                 ","5db673"
"3222","CAMBIANDO JUNTOS         ","CAMBIANDO JUNTOS                                                                                    ","5b7906"
"3223","AZUL HONESTIDAD          ","AZUL HONESTIDAD                                                                                     ","f6dedf"
"3224","CELESTE Y BLANCO DE LOS T","CELESTE Y BLANCO DE LOS TRABAJADORES                                                                ","7baf57"
"3225","COMPROMISO POR SANTA FE  ","COMPROMISO POR SANTA FE                                                                             ","d3d607"
"3226","CUMPLIR                  ","CUMPLIR                                                                                             ","57c7ac"
"3227","EL PERONISMO VUELVE      ","EL PERONISMO VUELVE                                                                                 ","ea358a"
"3228","JUJUY AVANZA             ","JUJUY AVANZA                                                                                        ","fa8ab2"
"3230","NUEVO ESPACIO SANTAFESINO","NUEVO ESPACIO SANTAFESINO                                                                           ","3c0523"
"3231","POR JUJUY                ","POR JUJUY                                                                                           ","403f7d"
"3232","SI POR LA IGUALDAD       ","SI POR LA IGUALDAD                                                                                  ","1f5c29"
"3233","UNIDAD CIUDADANA         ","UNIDAD CIUDADANA                                                                                    ","e4bdc9"
"3234","AZUL Y BLANCA            ","AZUL Y BLANCA                                                                                       ","13d0ff"
"3235","MUP - AMARILLA           ","MUP - AMARILLA                                                                                      ","1d9ee4"
"3236","PERONISMO NACION - AZUL  ","PERONISMO NACION - AZUL                                                                             ","5b0df8"
"3237","CELESTE Y BLANCA         ","CELESTE Y BLANCA                                                                                    ","11559d"
"3238","AGRUPACION POLITICA SINDI","AGRUPACION POLITICA SINDICAL - GRIS                                                                 ","8de779"
"3239","RENOVACION CON MASSA - LI","RENOVACION CON MASSA - LILA                                                                         ","9539a7"
"3240","UNIDAD CIUDADANA - MAGENT","UNIDAD CIUDADANA - MAGENTA                                                                          ","6564e1"
"3241","NARANJA                  ","NARANJA                                                                                             ","645ab6"
"3242","FEDERALISMO Y CRECIMIENTO","FEDERALISMO Y CRECIMIENTO - ROSA                                                                    ","089c8c"
"3243","EL PERONISMO VUELVE - VER","EL PERONISMO VUELVE - VERDE                                                                         ","61bdb0"
"3244","RIOJA FEDERAL            ","RIOJA FEDERAL                                                                                       ","c6d4b9"
"3245","CELESTE POR LOS TRABAJADO","CELESTE POR LOS TRABAJADORES                                                                        ","efe559"
"3246","FUERZA NUEVA             ","FUERZA NUEVA                                                                                        ","46a9a4"
"3247","JUSTICIA Y DIGNIDAD PERON","JUSTICIA Y DIGNIDAD PERONISTA                                                                       ","00f480"
"3248","LA PATRIA ES EL OTRO     ","LA PATRIA ES EL OTRO                                                                                ","4f12ae"
"3249","LIBRES PENSADORES        ","LIBRES PENSADORES                                                                                   ","3f0a65"
"3250","POR LA PRODUCCION, EL TRA","POR LA PRODUCCION, EL TRABAJO Y LA JUSTICIA SOCIAL                                                  ","0eef4d"
"3251","SENTIMIENTO FEDERAL      ","SENTIMIENTO FEDERAL                                                                                 ","fff926"
"3252","SOMOS ENTRE RIOS         ","SOMOS ENTRE RIOS                                                                                    ","a86bcb"
"3253","UNION CIUDADANA          ","UNION CIUDADANA                                                                                     ","924fc9"
"3254","VIVA PERON!! - VIVA ENTRE","VIVA PERON!! - VIVA ENTRE RIOS!!                                                                    ","7c0a05"
"3255","A                        ","A                                                                                                   ","2527c8"
"3256","CONDUCCION               ","CONDUCCION                                                                                          ","e91ac5"
"3257","ESPERANZA                ","ESPERANZA                                                                                           ","58c053"
"3258","ORDEN  Y SEGURIDAD       ","ORDEN  Y SEGURIDAD                                                                                  ","2b386a"
"3259","PIONEROS                 ","PIONEROS                                                                                            ","59ef94"
"3260","SOBERANIA                ","SOBERANIA                                                                                           ","de1be5"
"3261","SOLIDARIDAD              ","SOLIDARIDAD                                                                                         ","d814ae"
"3262","FRENTE POPULAR PARA LA LI","FRENTE POPULAR PARA LA LIBERACION                                                                   ","ff3165"
"3263","ADELANTE                 ","ADELANTE                                                                                            ","a2bb4d"
"3264","SUMEMOS POR SANTA FE     ","SUMEMOS POR SANTA FE                                                                                ","fee204"
"3265","ES EL MOMENTO            ","ES EL MOMENTO                                                                                       ","e3cbf3"
"3266","MAS PARA LA GENTE        ","MAS PARA LA GENTE                                                                                   ","5edc79"
"3267","PARTICIPACION            ","PARTICIPACION                                                                                       ","bb3262"
"3268","LIBRES                   ","LIBRES                                                                                              ","3efe98"
"3269","RENOVEMOS CORRIENTES     ","RENOVEMOS CORRIENTES                                                                                ","1b95ca"
"3270","VAMOS PUEBLO CORRENTINO  ","VAMOS PUEBLO CORRENTINO                                                                             ","241e10"
"3271","RENOVACION               ","RENOVACION                                                                                          ","b35497"
"3272","RENOVEMOS JUJUY          ","RENOVEMOS JUJUY                                                                                     ","c30ece"
"3273","UN PAIS UNIDO HOY Y SIEMP","UN PAIS UNIDO HOY Y SIEMPRE                                                                         ","13b019"
"3274","UNA JUJUY                ","UNA JUJUY                                                                                           ","0329e0"
"3275","ROJA, AZUL Y BLANCA      ","ROJA, AZUL Y BLANCA                                                                                 ","38323f"
"3276","UNIDAD SOCIAL Y POPULAR  ","UNIDAD SOCIAL Y POPULAR                                                                             ","167fbe"
"3277","FRENTE SOCIALISTA Y POPUL","FRENTE SOCIALISTA Y POPULAR                                                                         ","bc1a46"
"3278","CONSTRUYENDO             ","CONSTRUYENDO                                                                                        ","0f0d65"
"3279","NUEVA CONDUCCION         ","NUEVA CONDUCCION                                                                                    ","094301"
"3280","UNIDAD CIUDADANA PARA TEN","UNIDAD CIUDADANA PARA TENER FUTURO                                                                  ","dffb9e"
"3281","CELESTE Y BLANCA         ","CELESTE Y BLANCA                                                                                    ","11559d"
"3282","SAN JUAN PRIMERO         ","SAN JUAN PRIMERO                                                                                    ","55c009"
"3283","EL CAMBIO CONTINUA       ","EL CAMBIO CONTINUA                                                                                  ","24645e"
"3284","COMPROMISO               ","COMPROMISO                                                                                          ","799d30"
"3285","CONSENSO Y LEALTAD PROVIN","CONSENSO Y LEALTAD PROVINCIAL                                                                       ","3a9217"
"3286","CONSTRUIMOS              ","CONSTRUIMOS                                                                                         ","46fdc9"
"3287","DESARROLLO Y TRABAJO     ","DESARROLLO Y TRABAJO                                                                                ","6f6968"
"3288","HACIA UN FUTURO MEJOR    ","HACIA UN FUTURO MEJOR                                                                               ","c28fbc"
"3289","NUEVA EXPRESION JUSTICIAL","NUEVA EXPRESION JUSTICIALISTA                                                                       ","c9ed99"
"3290","1 UNIDAD DE LA IZQUIERDA ","1 UNIDAD DE LA IZQUIERDA                                                                            ","2b208d"
"3291","UNIDAD                   ","UNIDAD                                                                                              ","f6d4a0"
"3292","UNIDAD DE LA  IZQUIERDA  ","UNIDAD DE LA  IZQUIERDA                                                                             ","5b60a1"
"3293","CELESTE Y BLANCA         ","CELESTE Y BLANCA                                                                                    ","11559d"
"3294","COMPROMISO CIUDADANO     ","COMPROMISO CIUDADANO                                                                                ","5827d0"
"3295","CRECER JUNTOS            ","CRECER JUNTOS                                                                                       ","8ac381"
"3296","LA DOCTRINA              ","LA DOCTRINA                                                                                         ","113a55"
"3297","VOLVER A CREER           ","VOLVER A CREER                                                                                      ","8031f1"
"3298","VERDE ORGULLO RIONEGRINO ","VERDE ORGULLO RIONEGRINO                                                                            ","4c0f1a"
"3299","COMPROMISO               ","COMPROMISO                                                                                          ","c52cff"
"3300","LA 51                    ","LA 51                                                                                               ","eedbcf"
"3301","LA 52                    ","LA 52                                                                                               ","904f72"
"3302","UNIDAD                   ","UNIDAD                                                                                              ","8eef18"
"3303","UNIDAD                   ","UNIDAD                                                                                              ","d50d38"
"3304","CELESTE Y BLANCA U       ","CELESTE Y BLANCA U                                                                                  ","11559d"
"3305","PROYECTO NACIONAL Y POPUL","PROYECTO NACIONAL Y POPULAR - K                                                                     ","ee1c26"
"3306","CELESTE Y BLANCA         ","CELESTE Y BLANCA                                                                                    ","11559d"
"3307","AHORA BUENOS AIRES       ","AHORA BUENOS AIRES                                                                                  ","f266c0"
"3308","HONESTIDAD Y CORAJE      ","HONESTIDAD Y CORAJE                                                                                 ","892e47"
"3309","UNIDAD CIUDADANA         ","UNIDAD CIUDADANA                                                                                    ","c5405c"
"3310","EL CAMINO DEL CAMBIO     ","EL CAMINO DEL CAMBIO                                                                                ","450b21"
"3311","INTEGRACION CIUDADANA    ","INTEGRACION CIUDADANA                                                                               ","bb6c0c"
"3312","JUNTOS POR UN CAMBIO     ","JUNTOS POR UN CAMBIO                                                                                ","b552ae"
"3313","MOVIMIENTO DE UNIDAD PERO","MOVIMIENTO DE UNIDAD PERONISTA                                                                      ","dc7662"
"3314","CELESTE                  ","CELESTE                                                                                             ","a6b82e"
"3315","AHORA ESTAMOS            ","AHORA ESTAMOS                                                                                       ","6b2d5d"
"3316","JUNTOS POR VOS           ","JUNTOS POR VOS                                                                                      ","e93f9b"
"3317","NUEVO AMANECER           ","NUEVO AMANECER                                                                                      ","c0e253"
"3318","SIGAMOS CON EL CAMBIO    ","SIGAMOS CON EL CAMBIO                                                                               ","ef3f66"
"3319","UNIDOS POR LA FE         ","UNIDOS POR LA FE                                                                                    ","afd66d"
"3330","DRAGON                   ","DRAGON                                                                                              ","ddbe70"
"3332","NACIONALISTA CONSTITUCION","NACIONALISTA CONSTITUCIONAL                                                                         ","17532f"
"3333","KIRCHNERISMO PARA TODOS  ","KIRCHNERISMO PARA TODOS                                                                             ","8dc2a2"
"3334","GEM CATAMARCA            ","GEM CATAMARCA                                                                                       ","47e714"
"3335","FUERZA DE LA GENTE       ","FUERZA DE LA GENTE                                                                                  ","aca47e"
"3336","UNIDAD                   ","UNIDAD                                                                                              ","6b5856"
"3337","GENTE PROGRESISTA        ","GENTE PROGRESISTA                                                                                   ","57c09d"
"3338","NACE UN PAIS             ","NACE UN PAIS                                                                                        ","c85e39"
"3340","FRENTE JUSTICIALISTA PARA","FRENTE JUSTICIALISTA PARA LA VICTORIA                                                               ","f627ef"
"3341","AZUL Y BLANCA - A1       ","AZUL Y BLANCA - A1                                                                                  ","805393"
"3342","AZUL Y BLANCA - A2       ","AZUL Y BLANCA - A2                                                                                  ","ad7c2b"
"3343","AZUL Y BLANCA - A3       ","AZUL Y BLANCA - A3                                                                                  ","431b63"
"3344","AZUL Y BLANCA - A4       ","AZUL Y BLANCA - A4                                                                                  ","1e35cc"
"3345","CAMBIEMOS JUNTOS - A1    ","CAMBIEMOS JUNTOS - A1                                                                               ","859aa6"
"3346","CAMBIEMOS JUNTOS - A2    ","CAMBIEMOS JUNTOS - A2                                                                               ","5b657f"
"3347","GEM CATAMARCA - A1       ","GEM CATAMARCA - A1                                                                                  ","87b8cb"
"3348","GEM CATAMARCA - A2       ","GEM CATAMARCA - A2                                                                                  ","9adafa"
"3349","LISTA A                  ","LISTA A                                                                                             ","0a0a65"
"3350","CELESTE Y BLANCA U2      ","CELESTE Y BLANCA U2                                                                                 ","11559d"
"3351","CELESTE Y BLANCA U4      ","CELESTE Y BLANCA U4                                                                                 ","11559d"
"3352","POR TIERRA TECHO Y TRABAJ","POR TIERRA TECHO Y TRABAJO                                                                          ","70b779"
"3353","CONVICCIONES             ","CONVICCIONES                                                                                        ","ff6006"
"3354","1A AMARILLO              ","1A AMARILLO                                                                                         ","9d1269"
"3355","CUMPLIR 2                ","CUMPLIR 2                                                                                           ","f5ad6b"
"3356","AUTOCTONO                ","AUTOCTONO                                                                                           ","57bb12"
"3357","DIGNIDAD POPULAR         ","DIGNIDAD POPULAR                                                                                    ","f25b43"
"3358","FRENTE UNION FEDERAL     ","FRENTE UNION FEDERAL                                                                                ","758a30"
"3359","LABORISTA                ","LABORISTA                                                                                           ","42585f"
"3360","POPULAR                  ","POPULAR                                                                                             ","d862cc"
"3361","RENOVACION FEDERAL       ","RENOVACION FEDERAL                                                                                  ","5c6509"
"3362","TRES BANDERAS            ","TRES BANDERAS                                                                                       ","f731d3"
"3363","CONCERTACION FEDERAL UNIT","CONCERTACION FEDERAL UNITE                                                                          ","a65dbd"
"3365","LISTA 31                 ","LISTA 31                                                                                            ","523039"
"3366","CUMPLIR 4                ","CUMPLIR 4                                                                                           ","52f899"
"3367","UNIDAD                   ","UNIDAD                                                                                              ","c1a390"
"3368","UNIDAD                   ","UNIDAD                                                                                              ","e6bb39"
"3369","SOLIDARIDAD              ","SOLIDARIDAD                                                                                         ","66958c"
"3370","UN PAIS PRESENTE CON FUTU","UN PAIS PRESENTE CON FUTURO                                                                         ","6724d2"
"3371","IGUALDAD Y SOLIDARIDAD   ","IGUALDAD Y SOLIDARIDAD                                                                              ","cdbab3"
"3372","SOCIALISMO BROWN         ","SOCIALISMO BROWN                                                                                    ","1062b5"
"3373","SOCIALISMO               ","SOCIALISMO                                                                                          ","814542"
"3374","LEALTAD Y DIGNIDAD 14    ","LEALTAD Y DIGNIDAD 14                                                                               ","5aa3aa"
"3375","PRIMERA DAMA DEL PUEBLO  ","PRIMERA DAMA DEL PUEBLO                                                                             ","cee90c"
"3376","FRENTE DE UNIDAD NACIENTE","FRENTE DE UNIDAD NACIENTE                                                                           ","6a80b6"
"3377","UN CAMBIO REAL           ","UN CAMBIO REAL                                                                                      ","2821d3"
"3378","FUERZA COLECTIVA         ","FUERZA COLECTIVA                                                                                    ","f63837"
"3379","LEALTAD Y DIGNIDAD 12    ","LEALTAD Y DIGNIDAD 12                                                                               ","fc1d66"
"3380","LATINOAMERICANA          ","LATINOAMERICANA                                                                                     ","8de280"
"3381","LISTA 33                 ","LISTA 33                                                                                            ","c0bf78"
"3383","POR OLAVARRIA TODOS      ","POR OLAVARRIA TODOS                                                                                 ","cd9549"
"3384","VAMOS POR MAS            ","VAMOS POR MAS                                                                                       ","9b4d14"
"3385","2A AMARILLO              ","2A AMARILLO                                                                                         ","afddaf"
"3386","4A FUCSIA                ","4A FUCSIA                                                                                           ","85aa00"
"3387","SIEMPRE JUNTOS           ","SIEMPRE JUNTOS                                                                                      ","434e8f"
"3388","LISTA 35                 ","LISTA 35                                                                                            ","3af292"
"3389","VALORES PARA MI PAIS     ","VALORES PARA MI PAIS                                                                                ","d95b6c"
"3390","NUEVO PERGAMINO          ","NUEVO PERGAMINO                                                                                     ","b9e0b3"
"3391","3A ROJO                  ","3A ROJO                                                                                             ","2d9651"
"3392","AZUL                     ","AZUL                                                                                                ","dd1329"
"3393","CELESTE Y BLANCA U6      ","CELESTE Y BLANCA U6                                                                                 ","11559d"
"3394","NUEVO ZARATE             ","NUEVO ZARATE                                                                                        ","74e92c"
"3395","LISTA 1                  ","LISTA 1                                                                                             ","c53a48"
"3396","BLANCA                   ","BLANCA                                                                                              ","12c9ba"
"3397","UNICA                    ","UNICA                                                                                               ","779db5"
"3398","CON.SO.PA                ","CON.SO.PA                                                                                           ","58f0fc"
"3399","UNICA                    ","UNICA                                                                                               ","c8a2e6"
"3400","BLANCA RENACER VECINAL   ","BLANCA RENACER VECINAL                                                                              ","130db1"
"3401","CONSTRUCCION JUARENSE    ","CONSTRUCCION JUARENSE                                                                               ","16346c"
"3402","JUSTICIA E IGUALDAD      ","JUSTICIA E IGUALDAD                                                                                 ","357b6b"
"3403","JUNIN BICENTENARIO       ","JUNIN BICENTENARIO                                                                                  ","656641"
"3404","POR UN NUEVO JUNIN       ","POR UN NUEVO JUNIN                                                                                  ","3a7e3c"
"3405","PRIMERO VOS              ","PRIMERO VOS                                                                                         ","99b3b8"
"3406","LTA.MTO.VEC.DEL PDO. DE T","LTA.MTO.VEC.DEL PDO DE TRES ARROYOS                                                                 ","171cf3"
"3407","UNICA                    ","UNICA                                                                                               ","e6f7b1"
"3408","UV MAS CAMPANA           ","UV MAS CAMPANA                                                                                      ","25b27f"
"3409","CUMPLIR 6                ","CUMPLIR 6                                                                                           ","8a082c"
"3410","FUNDADORA                ","FUNDADORA                                                                                           ","82f0f8"
"3411","LEALTAD Y DIGNIDAD 16    ","LEALTAD Y DIGNIDAD 16                                                                               ","baea76"
"3412","CON LA FUERZA DE LA GENTE","CON LA FUERZA DE LA GENTE                                                                           ","989742"
"3413","LEALTAD Y DIGNIDAD 18    ","LEALTAD Y DIGNIDAD 18                                                                               ","af2579"
"3414","CELESTE Y BLANCA U8      ","CELESTE Y BLANCA U8                                                                                 ","11559d"
"3415","MOVES LUJAN              ","MOVES LUJAN                                                                                         ","89c464"
"3416","VECINOS POR MERCEDES     ","VECINOS POR MERCEDES                                                                                ","270bf0"
"3417","25 DE MAYO               ","25 DE MAYO                                                                                          ","e5e208"
"3418","SOCIALISMO MERLENSE      ","SOCIALISMO MERLENSE                                                                                 ","2e307d"
"3419","PROYECTO LOCAL MERLENSE  ","PROYECTO LOCAL MERLENSE                                                                             ","12d1b8"
"3420","UNION DEL PUEBLO         ","UNION DEL PUEBLO                                                                                    ","79d1f8"
"3421","PILAR QUERIDO            ","PILAR QUERIDO                                                                                       ","cb9ebb"
"3422","ACCION POR PILAR         ","ACCION POR PILAR                                                                                    ","b82e60"
"3423","AMARTE ARGENTINA 32      ","AMARTE ARGENTINA 32                                                                                 ","88b0c9"
"3424","EL PODER DE LOS VECINOS  ","EL PODER DE LOS VECINOS                                                                             ","858f49"
"3425","PURO PERONISMO 22        ","PURO PERONISMO 22                                                                                   ","b799e0"
"3426","VECINOS DIRIGENTES       ","VECINOS DIRIGENTES                                                                                  ","efcac0"
"3427","COMPROMISO CIUDADANO     ","COMPROMISO CIUDADANO                                                                                ","055bf9"
"3428","UNIDAD PACEÑA            ","UNIDAD PACEÑA                                                                                       ","131fec"
"3429","COMPROMISO VECINAL       ","COMPROMISO VECINAL                                                                                  ","3ca964"
"3430","CUMPLIR 8                ","CUMPLIR 8                                                                                           ","8c06ed"
"3431","301A ROJO                ","301A ROJO                                                                                           ","146d0b"
"3432","LA FUERZA DEL PUEBLO     ","LA FUERZA DEL PUEBLO                                                                                ","1cffc3"
"3433","VAMOS VECINOS            ","VAMOS VECINOS                                                                                       ","e015ef"
"3434","BLANCA                   ","BLANCA                                                                                              ","e5e437"
"3435","LISTA 8A                 ","LISTA 8A                                                                                            ","24f384"
"3436","CREEMOS                  ","CREEMOS                                                                                             ","0ffd1a"
"3437","LISTA 37                 ","LISTA 37                                                                                            ","4ca6d5"
"3438","LISTA AM                 ","LISTA AM                                                                                            ","8f5b48"
"3439","NUEVA ACCION             ","NUEVA ACCION                                                                                        ","ce8697"
"3440","LTA.ENCUENTRO POR LA IGUA","LTA.ENCUENTRO POR LA IGUALDAD                                                                       ","02f94e"
"3441","CONSTRUYENDO FUTURO      ","CONSTRUYENDO FUTURO                                                                                 ","671284"
"3442","COMPROMISO VECINAL LA COS","COMPROMISO VECINAL LA COSTA                                                                         ","4a3295"
"3443","MOV.PARA LA VICTORIA     ","MOV.PARA LA VICTORIA                                                                                ","1f74ac"
"3444","AZUL                     ","AZUL                                                                                                ","d3697e"
"3445","VALORES                  ","VALORES                                                                                             ","b5d597"
"3446","LISTA 1                  ","LISTA 1                                                                                             ","3585d3"
"3447","FUERZA VECINAL PARA EL CA","FUERZA VECINAL PARA EL CAMBIO SOCIAL                                                                ","44326b"
"3448","EQUIPO DE GOBIERNO       ","EQUIPO DE GOBIERNO                                                                                  ","588956"
"3449","FRENTE DE UNIDAD NACIENTE","FRENTE DE UNIDAD NACIENTE                                                                           ","0cb266"
"9997","OTROS                    ","OTROS                                                                                               ","aeaeae"
